<?xml version="1.0" encoding="UTF-8"?>
<project-private xmlns="http://www.netbeans.org/ns/project-private/1">
    <editor-bookmarks xmlns="http://www.netbeans.org/ns/editor-bookmarks/2" lastBookmarkId="0"/>
    <open-files xmlns="http://www.netbeans.org/ns/projectui-open-files/2">
        <group>
            <file>file:/E:/2017%20-%20SEM%202/Program%20Design%20and%20Construction/PROJECT/chess-project2/ChessProject/</file>
            <file>file:/E:/2017%20-%20SEM%202/Program%20Design%20and%20Construction/PROJECT/chess-project2/ChessProject/src/Game/Board.java</file>
        </group>
    </open-files>
</project-private>
